{
  "PER": {
    "precision": 1.0,
    "recall": 1.0,
    "f1-score": 1.0,
    "support": 61
  },
  "cpu_cores": {
    "precision": 1.0,
    "recall": 1.0,
    "f1-score": 1.0,
    "support": 29
  },
  "disk_space": {
    "precision": 1.0,
    "recall": 0.9047619047619048,
    "f1-score": 0.9500000000000001,
    "support": 21
  },
  "email": {
    "precision": 1.0,
    "recall": 1.0,
    "f1-score": 1.0,
    "support": 60
  },
  "entorno": {
    "precision": 0.0,
    "recall": 0.0,
    "f1-score": 0.0,
    "support": 1
  },
  "facultad": {
    "precision": 1.0,
    "recall": 1.0,
    "f1-score": 1.0,
    "support": 27
  },
  "no_entity": {
    "precision": 0.9983579638752053,
    "recall": 1.0,
    "f1-score": 0.9991783073130649,
    "support": 608
  },
  "ram": {
    "precision": 0.8888888888888888,
    "recall": 1.0,
    "f1-score": 0.9411764705882353,
    "support": 16
  },
  "sistema": {
    "precision": 1.0,
    "recall": 1.0,
    "f1-score": 1.0,
    "support": 33
  },
  "trato": {
    "precision": 1.0,
    "recall": 1.0,
    "f1-score": 1.0,
    "support": 20
  },
  "micro avg": {
    "precision": 0.9965753424657534,
    "recall": 0.9965753424657534,
    "f1-score": 0.9965753424657534,
    "support": 876
  },
  "macro avg": {
    "precision": 0.8887246852764094,
    "recall": 0.8904761904761905,
    "f1-score": 0.8890354777901301,
    "support": 876
  },
  "weighted avg": {
    "precision": 0.9956893427606701,
    "recall": 0.9965753424657534,
    "f1-score": 0.9960151077348802,
    "support": 876
  }
}