{
  "agradecimiento": {
    "precision": 1.0,
    "recall": 0.5,
    "f1-score": 0.6666666666666666,
    "support": 2
  },
  "cancelar": {
    "precision": 0.6,
    "recall": 0.6,
    "f1-score": 0.6,
    "support": 5
  },
  "chitchat": {
    "precision": 0.6666666666666666,
    "recall": 0.4,
    "f1-score": 0.5,
    "support": 5
  },
  "confirmar": {
    "precision": 1.0,
    "recall": 0.25,
    "f1-score": 0.4,
    "support": 4
  },
  "correo_electronico": {
    "precision": 1.0,
    "recall": 0.5,
    "f1-score": 0.6666666666666666,
    "support": 4
  },
  "creacion_usuarios": {
    "precision": 0.9523809523809523,
    "recall": 1.0,
    "f1-score": 0.975609756097561,
    "support": 20
  },
  "despedida": {
    "precision": 0.6666666666666666,
    "recall": 0.6666666666666666,
    "f1-score": 0.6666666666666666,
    "support": 3
  },
  "informacion": {
    "precision": 1.0,
    "recall": 1.0,
    "f1-score": 1.0,
    "support": 40
  },
  "nombre": {
    "precision": 0.7692307692307693,
    "recall": 1.0,
    "f1-score": 0.8695652173913044,
    "support": 10
  },
  "peticion_recurso_computacional": {
    "precision": 0.975609756097561,
    "recall": 1.0,
    "f1-score": 0.9876543209876543,
    "support": 40
  },
  "recuperar_contrasena": {
    "precision": 0.8695652173913043,
    "recall": 1.0,
    "f1-score": 0.9302325581395349,
    "support": 20
  },
  "saludo": {
    "precision": 1.0,
    "recall": 1.0,
    "f1-score": 1.0,
    "support": 3
  },
  "solicitar_opciones": {
    "precision": 0.6666666666666666,
    "recall": 0.6666666666666666,
    "f1-score": 0.6666666666666666,
    "support": 3
  },
  "micro avg": {
    "precision": 0.9182389937106918,
    "recall": 0.9182389937106918,
    "f1-score": 0.9182389937106918,
    "support": 159
  },
  "macro avg": {
    "precision": 0.8589835919308142,
    "recall": 0.7371794871794871,
    "f1-score": 0.7638252707140555,
    "support": 159
  },
  "weighted avg": {
    "precision": 0.9213141802829472,
    "recall": 0.9182389937106918,
    "f1-score": 0.9082935301771141,
    "support": 159
  }
}