{
  "agradecimiento": {
    "precision": 0.0,
    "recall": 0.0,
    "f1-score": 0.0,
    "support": 2
  },
  "asistencia_pregrado": {
    "precision": 1.0,
    "recall": 1.0,
    "f1-score": 1.0,
    "support": 40
  },
  "confirmar": {
    "precision": 0.0,
    "recall": 0.0,
    "f1-score": 0.0,
    "support": 2
  },
  "correo_electronico": {
    "precision": 1.0,
    "recall": 0.75,
    "f1-score": 0.8571428571428571,
    "support": 4
  },
  "creacion_usuarios": {
    "precision": 1.0,
    "recall": 1.0,
    "f1-score": 1.0,
    "support": 20
  },
  "despedida": {
    "precision": 0.0,
    "recall": 0.0,
    "f1-score": 0.0,
    "support": 3
  },
  "error_procesos": {
    "precision": 0.9836065573770492,
    "recall": 1.0,
    "f1-score": 0.9917355371900827,
    "support": 60
  },
  "finaliza_sesion": {
    "precision": 0.625,
    "recall": 1.0,
    "f1-score": 0.7692307692307693,
    "support": 10
  },
  "nombre": {
    "precision": 0.0,
    "recall": 0.0,
    "f1-score": 0.0,
    "support": 0
  },
  "recuperar_contrsena": {
    "precision": 1.0,
    "recall": 1.0,
    "f1-score": 1.0,
    "support": 20
  },
  "saludo": {
    "precision": 1.0,
    "recall": 0.6666666666666666,
    "f1-score": 0.8,
    "support": 3
  },
  "micro avg": {
    "precision": 0.9451219512195121,
    "recall": 0.9451219512195121,
    "f1-score": 0.945121951219512,
    "support": 164
  },
  "macro avg": {
    "precision": 0.6007824143070045,
    "recall": 0.5833333333333334,
    "f1-score": 0.5834644694148826,
    "support": 164
  },
  "weighted avg": {
    "precision": 0.928453618552579,
    "recall": 0.9451219512195121,
    "f1-score": 0.9330793375139274,
    "support": 164
  }
}