{
  "agradecimiento": {
    "precision": 0.6666666666666666,
    "recall": 0.6666666666666666,
    "f1-score": 0.6666666666666666,
    "support": 3
  },
  "cancelar": {
    "precision": 0.3333333333333333,
    "recall": 0.3333333333333333,
    "f1-score": 0.3333333333333333,
    "support": 3
  },
  "chitchat": {
    "precision": 1.0,
    "recall": 0.5,
    "f1-score": 0.6666666666666666,
    "support": 8
  },
  "confirmar": {
    "precision": 0.8333333333333334,
    "recall": 0.8333333333333334,
    "f1-score": 0.8333333333333334,
    "support": 6
  },
  "correo_electronico": {
    "precision": 0.967741935483871,
    "recall": 1.0,
    "f1-score": 0.9836065573770492,
    "support": 60
  },
  "creacion_usuarios": {
    "precision": 0.95,
    "recall": 0.95,
    "f1-score": 0.9500000000000001,
    "support": 20
  },
  "despedida": {
    "precision": 0.75,
    "recall": 0.75,
    "f1-score": 0.75,
    "support": 4
  },
  "especifica_sistema": {
    "precision": 1.0,
    "recall": 1.0,
    "f1-score": 1.0,
    "support": 3
  },
  "informacion": {
    "precision": 1.0,
    "recall": 1.0,
    "f1-score": 1.0,
    "support": 20
  },
  "nombre": {
    "precision": 0.75,
    "recall": 0.75,
    "f1-score": 0.75,
    "support": 8
  },
  "peticion_recurso_computacional": {
    "precision": 0.9523809523809523,
    "recall": 1.0,
    "f1-score": 0.975609756097561,
    "support": 20
  },
  "recuperar_contrasena": {
    "precision": 0.9523809523809523,
    "recall": 1.0,
    "f1-score": 0.975609756097561,
    "support": 20
  },
  "saludo": {
    "precision": 0.75,
    "recall": 1.0,
    "f1-score": 0.8571428571428571,
    "support": 3
  },
  "solicitar_opciones": {
    "precision": 1.0,
    "recall": 0.6666666666666666,
    "f1-score": 0.8,
    "support": 3
  },
  "micro avg": {
    "precision": 0.9281767955801105,
    "recall": 0.9281767955801105,
    "f1-score": 0.9281767955801105,
    "support": 181
  },
  "macro avg": {
    "precision": 0.8504169409699365,
    "recall": 0.8178571428571428,
    "f1-score": 0.8244263519082163,
    "support": 181
  },
  "weighted avg": {
    "precision": 0.9304406310733168,
    "recall": 0.9281767955801105,
    "f1-score": 0.9245610253662282,
    "support": 181
  }
}