{
  "course_type": {
    "precision": 1.0,
    "recall": 1.0,
    "f1-score": 1.0,
    "support": 10
  },
  "role": {
    "precision": 1.0,
    "recall": 1.0,
    "f1-score": 1.0,
    "support": 4
  },
  "faculty": {
    "precision": 1.0,
    "recall": 1.0,
    "f1-score": 1.0,
    "support": 20
  },
  "ticket_no": {
    "precision": 0.8571428571428571,
    "recall": 1.0,
    "f1-score": 0.923076923076923,
    "support": 6
  },
  "application": {
    "precision": 1.0,
    "recall": 0.8695652173913043,
    "f1-score": 0.9302325581395349,
    "support": 23
  },
  "wifi_network": {
    "precision": 1.0,
    "recall": 1.0,
    "f1-score": 1.0,
    "support": 8
  },
  "priority": {
    "precision": 1.0,
    "recall": 1.0,
    "f1-score": 1.0,
    "support": 10
  },
  "micro avg": {
    "precision": 0.9873417721518988,
    "recall": 0.9629629629629629,
    "f1-score": 0.975,
    "support": 81
  },
  "macro avg": {
    "precision": 0.979591836734694,
    "recall": 0.9813664596273293,
    "f1-score": 0.9790442116023511,
    "support": 81
  },
  "weighted avg": {
    "precision": 0.9894179894179894,
    "recall": 0.9629629629629629,
    "f1-score": 0.9744914861193932,
    "support": 81
  }
}