{
  "\"course_type\"": {
    "precision": 1.0,
    "recall": 0.8333333333333334,
    "f1-score": 0.9090909090909091,
    "support": 12,
    "confused_with": {}
  },
  "\"role\"": {
    "precision": 0.5555555555555556,
    "recall": 0.5555555555555556,
    "f1-score": 0.5555555555555556,
    "support": 9,
    "confused_with": {
      "\"application\"": 2
    }
  },
  "\"faculty\"": {
    "precision": 1.0,
    "recall": 0.4,
    "f1-score": 0.5714285714285715,
    "support": 20,
    "confused_with": {
      "\"role\"": 1
    }
  },
  "\"wifi_network\"": {
    "precision": 0.9333333333333333,
    "recall": 1.0,
    "f1-score": 0.9655172413793104,
    "support": 14,
    "confused_with": {}
  },
  "\"application\"": {
    "precision": 0.8852459016393442,
    "recall": 0.9310344827586207,
    "f1-score": 0.9075630252100839,
    "support": 58,
    "confused_with": {
      "\"role\"": 1
    }
  },
  "\"priority\"": {
    "precision": 1.0,
    "recall": 0.8,
    "f1-score": 0.888888888888889,
    "support": 10,
    "confused_with": {}
  },
  "\"ticket_no\"": {
    "precision": 1.0,
    "recall": 1.0,
    "f1-score": 1.0,
    "support": 9,
    "confused_with": {}
  },
  "micro avg": {
    "precision": 0.9,
    "recall": 0.8181818181818182,
    "f1-score": 0.8571428571428572,
    "support": 132
  },
  "macro avg": {
    "precision": 0.9105906843611761,
    "recall": 0.7885604816639299,
    "f1-score": 0.8282920273647599,
    "support": 132
  },
  "weighted avg": {
    "precision": 0.9122040072859744,
    "recall": 0.8181818181818182,
    "f1-score": 0.8438064247579276,
    "support": 132
  }
}